Date,Open,High,Low,Close,Volume
2026-02-06 14:30:00,327.3800048828125,330.44000244140625,327.1700134277344,327.2699890136719,1709586
2026-02-06 14:35:00,327.260009765625,328.2900085449219,325.4100036621094,328.010009765625,597048
2026-02-06 14:40:00,328.0148010253906,328.4599914550781,325.5950012207031,325.5950012207031,266755
2026-02-06 14:45:00,326.93951416015625,328.625,325.6300048828125,328.6050109863281,954631
2026-02-06 14:50:00,328.70001220703125,329.25,325.05999755859375,325.20001220703125,510037
2026-02-06 14:55:00,325.1300048828125,325.1400146484375,323.0299987792969,323.0353088378906,575181
2026-02-06 15:00:00,323.1600036621094,323.3384094238281,322.25,322.8500061035156,472921
2026-02-06 15:05:00,322.92498779296875,323.81298828125,321.8999938964844,322.05999755859375,490146
2026-02-06 15:10:00,322.1600036621094,323.4200134277344,320.1499938964844,320.5350036621094,599211
2026-02-06 15:15:00,320.5799865722656,323.0,320.3301086425781,322.82501220703125,367458
2026-02-06 15:20:00,322.82501220703125,323.7499084472656,322.17999267578125,322.6199951171875,294100
2026-02-06 15:25:00,322.6499938964844,323.6650085449219,322.43341064453125,323.25,243296
2026-02-06 15:30:00,323.2300109863281,324.54998779296875,322.5400085449219,324.2185974121094,345232
2026-02-06 15:35:00,324.20001220703125,324.4599914550781,323.29010009765625,323.3299865722656,214961
2026-02-06 15:40:00,323.3999938964844,323.70001220703125,322.81988525390625,322.8299865722656,173445
2026-02-06 15:55:00,321.4649963378906,321.9599914550781,321.0400085449219,321.7099914550781,925942
2026-02-06 16:00:00,321.6776123046875,322.2699890136719,321.44830322265625,321.6700134277344,213803
2026-02-06 16:05:00,321.7099914550781,322.3299865722656,321.45001220703125,322.2799987792969,82404
2026-02-06 16:10:00,323.1499938964844,323.20001220703125,323.07000732421875,323.19000244140625,420925
2026-02-06 16:15:00,321.70001220703125,321.7200012207031,321.6199951171875,321.7099914550781,202672
2026-02-06 16:20:00,321.7900085449219,322.5,321.489990234375,321.8399963378906,208815
2026-02-06 16:25:00,321.8699951171875,322.1199951171875,321.5299987792969,321.9100036621094,255051
2026-02-06 16:30:00,321.9100036621094,322.5799865722656,321.7200012207031,322.2099914550781,285515
2026-02-06 16:35:00,322.2099914550781,322.7799987792969,322.07000732421875,322.19000244140625,224515
2026-02-06 16:40:00,322.19000244140625,322.9700012207031,322.07000732421875,322.29998779296875,231658
2026-02-06 16:45:00,322.30499267578125,323.260009765625,322.2900085449219,323.1700134277344,204200
2026-02-06 16:50:00,323.19000244140625,323.25,322.6700134277344,322.739990234375,172588
2026-02-06 16:55:00,322.7300109863281,322.739990234375,321.54998779296875,322.1499938964844,211463
2026-02-06 17:00:00,322.17999267578125,322.3399963378906,321.8500061035156,322.2099914550781,169253
2026-02-06 17:05:00,322.2049865722656,322.4700012207031,321.8450012207031,322.17999267578125,195098
2026-02-06 17:10:00,322.2699890136719,322.2850036621094,321.86090087890625,321.8900146484375,215123
2026-02-06 17:15:00,321.8599853515625,322.29998779296875,321.5299987792969,321.67999267578125,203695
2026-02-06 17:20:00,321.67999267578125,322.3699951171875,321.6449890136719,322.3599853515625,143055
2026-02-06 17:25:00,322.3800048828125,323.3900146484375,322.2900085449219,322.739990234375,205785
2026-02-06 17:30:00,322.7200012207031,323.3699951171875,322.7200012207031,323.2449951171875,157731
2026-02-06 17:35:00,323.17999267578125,323.19140625,322.5,322.64990234375,155674
2026-02-06 17:40:00,322.6499938964844,323.30999755859375,322.6499938964844,323.2300109863281,150499
2026-02-06 17:45:00,323.239990234375,323.82000732421875,323.2250061035156,323.7799987792969,196931
2026-02-06 17:50:00,323.7900085449219,324.70001220703125,323.2699890136719,324.6337890625,253334
2026-02-06 17:55:00,324.6300048828125,325.4898986816406,324.6300048828125,324.7373046875,264778
2026-02-06 18:00:00,324.70001220703125,325.7560119628906,324.70001220703125,325.6289978027344,175939
2026-02-06 18:05:00,325.6050109863281,325.95001220703125,325.32000732421875,325.4100036621094,156334
2026-02-06 18:10:00,325.6199951171875,325.6400146484375,325.1499938964844,325.19000244140625,100095
2026-02-06 18:15:00,325.2049865722656,325.54998779296875,324.8500061035156,325.13690185546875,337702
2026-02-06 18:20:00,325.1600036621094,325.42498779296875,324.9949951171875,325.1559143066406,111853
2026-02-06 18:25:00,325.1524963378906,325.25,324.8399963378906,325.2300109863281,114641
2026-02-06 18:30:00,325.25,325.45001220703125,325.04998779296875,325.1080017089844,117680
2026-02-06 18:35:00,325.0570983886719,325.3999938964844,324.8800048828125,325.2598876953125,92876
2026-02-06 18:40:00,325.239990234375,325.5799865722656,325.1499938964844,325.26141357421875,137343
2026-02-06 18:45:00,325.2616882324219,325.7200012207031,324.9150085449219,325.70001220703125,139044
2026-02-06 18:50:00,325.7799987792969,325.9100036621094,325.35009765625,325.3800048828125,106697
2026-02-06 18:55:00,325.4200134277344,325.6050109863281,325.1499938964844,325.1600036621094,106449
2026-02-06 19:00:00,325.1899108886719,325.5799865722656,325.0299987792969,325.4100036621094,198157
2026-02-06 19:05:00,325.3999938964844,325.4700012207031,324.8599853515625,325.19000244140625,135960
2026-02-06 19:10:00,325.1600036621094,325.29998779296875,324.8800964355469,324.9949951171875,88604
2026-02-06 19:15:00,325.0,325.04998779296875,324.4100036621094,324.489990234375,128943
2026-02-06 19:20:00,324.4649963378906,324.739990234375,324.0799865722656,324.6499938964844,244660
2026-02-06 19:25:00,324.64190673828125,325.0799865722656,324.45001220703125,324.6600036621094,161914
2026-02-06 19:30:00,324.6700134277344,324.8299865722656,324.1000061035156,324.1099853515625,140352
2026-02-06 19:35:00,324.07000732421875,324.2099914550781,323.7250061035156,323.9100036621094,137322
2026-02-06 19:40:00,323.9046936035156,323.94000244140625,323.18499755859375,323.239990234375,150353
2026-02-06 19:45:00,323.2349853515625,323.6099853515625,323.0799865722656,323.2300109863281,196098
2026-02-06 19:50:00,323.2200012207031,323.2200012207031,322.6099853515625,322.67999267578125,167774
2026-02-06 19:55:00,322.6650085449219,322.67999267578125,321.94000244140625,321.94000244140625,200948
2026-02-06 20:00:00,321.8800048828125,322.3999938964844,321.7699890136719,322.0950012207031,236209
2026-02-06 20:05:00,322.1099853515625,322.7799987792969,322.0799865722656,322.510009765625,267443
2026-02-06 20:10:00,322.5,323.010009765625,322.5,322.8900146484375,225238
2026-02-06 20:15:00,322.8999938964844,323.05999755859375,322.6000061035156,323.05999755859375,189219
2026-02-06 20:20:00,323.1000061035156,323.3299865722656,322.80999755859375,323.0400085449219,203991
2026-02-06 20:25:00,323.0450134277344,323.2699890136719,322.7799987792969,322.9150085449219,166369
2026-02-06 20:30:00,322.9024963378906,323.0799865722656,322.54998779296875,322.6600036621094,152761
2026-02-06 20:35:00,322.6499938964844,322.7099914550781,322.30010986328125,322.5299987792969,164440
2026-02-06 20:40:00,322.5199890136719,323.0199890136719,322.4411926269531,322.8999938964844,277888
2026-02-06 20:45:00,322.8800048828125,323.2900085449219,322.6499938964844,322.8699951171875,320388
2026-02-06 20:50:00,322.8800048828125,324.989990234375,322.79998779296875,324.5199890136719,575904
2026-02-06 20:55:00,324.5199890136719,324.5199890136719,323.04998779296875,323.0899963378906,963455
2026-02-09 14:30:00,321.239990234375,323.9100036621094,317.70001220703125,322.9700012207031,1522042
2026-02-09 14:35:00,322.95001220703125,323.4200134277344,321.9725036621094,322.7049865722656,433563
2026-02-09 14:40:00,322.7008056640625,323.5,321.1000061035156,321.989990234375,338256
2026-02-09 14:45:00,322.0299987792969,322.510009765625,321.25,322.04998779296875,423539
2026-02-09 14:50:00,321.9949951171875,322.04998779296875,319.4800109863281,320.05999755859375,425884
2026-02-09 14:55:00,320.0799865722656,321.7799987792969,319.739990234375,319.82000732421875,451610
2026-02-09 15:00:00,319.7699890136719,322.9226989746094,319.7099914550781,322.80419921875,428343
2026-02-09 15:05:00,322.739990234375,323.5,322.2200012207031,322.6700134277344,359098
2026-02-09 15:10:00,322.79998779296875,323.3800048828125,322.0421142578125,322.8299865722656,342121
2026-02-09 15:15:00,322.81939697265625,323.55999755859375,322.70001220703125,323.25,322302
2026-02-09 15:20:00,323.2799987792969,323.5299987792969,322.9700012207031,323.17999267578125,164215
2026-02-09 15:25:00,323.1700134277344,323.3500061035156,322.0199890136719,322.3800048828125,281244
2026-02-09 15:30:00,322.3999938964844,323.31500244140625,322.3800048828125,323.05499267578125,177040
2026-02-09 15:35:00,323.0400085449219,323.3399963378906,322.30999755859375,322.3999938964844,196625
2026-02-09 15:40:00,322.360107421875,322.75,322.1011047363281,322.6499938964844,182074
2026-02-09 15:45:00,322.62359619140625,323.19000244140625,322.510009765625,323.0799865722656,213500
2026-02-09 15:50:00,323.0799865722656,324.0899963378906,322.760009765625,323.977294921875,289183
2026-02-09 15:55:00,323.9949951171875,324.9700012207031,323.9100036621094,324.8399963378906,368040
2026-02-09 16:00:00,324.83929443359375,324.989990234375,324.20001220703125,324.92999267578125,210024
2026-02-09 16:05:00,324.9599914550781,325.0799865722656,324.3399963378906,324.3399963378906,252846
2026-02-09 16:10:00,324.3399963378906,325.7799987792969,324.3004150390625,325.7749938964844,225400
2026-02-09 16:15:00,325.79998779296875,326.3599853515625,325.7799987792969,325.9549865722656,208422
2026-02-09 16:20:00,325.95001220703125,326.0,325.2720031738281,325.840087890625,154404
2026-02-09 16:25:00,325.8699951171875,325.9750061035156,325.6499938964844,325.8299865722656,136195
2026-02-09 16:30:00,325.80999755859375,325.95001220703125,325.4100036621094,325.510009765625,153339
2026-02-09 16:35:00,325.489990234375,325.885009765625,325.4800109863281,325.7200012207031,194731
2026-02-09 16:40:00,325.739990234375,325.989990234375,325.1199951171875,325.3700866699219,134777
2026-02-09 16:45:00,325.3949890136719,326.4049987792969,325.3949890136719,326.4049987792969,201243
2026-02-09 16:50:00,326.4049987792969,327.739990234375,326.19500732421875,327.45001220703125,278959
2026-02-09 16:55:00,327.4700012207031,327.6554870605469,326.9100036621094,326.94000244140625,208862
2026-02-09 17:00:00,326.9200134277344,327.0,326.3800048828125,326.8500061035156,274012
2026-02-09 17:05:00,326.8299865722656,327.19500732421875,326.57000732421875,326.93499755859375,195815
2026-02-09 17:10:00,326.9599914550781,327.4800109863281,326.8299865722656,327.3299865722656,250443
2026-02-09 17:15:00,327.3299865722656,327.54998779296875,327.0799865722656,327.17999267578125,242206
2026-02-09 17:20:00,327.2099914550781,327.2300109863281,326.6300048828125,326.7300109863281,104600
2026-02-09 17:25:00,326.6700134277344,326.7701110839844,325.92999267578125,326.1050109863281,126348
2026-02-09 17:30:00,326.1099853515625,326.1099853515625,325.6117858886719,325.8374938964844,129039
2026-02-09 17:35:00,325.7900085449219,326.6549987792969,325.7099914550781,326.5799865722656,104053
2026-02-09 17:40:00,326.6099853515625,326.8799133300781,326.260009765625,326.29998779296875,108543
2026-02-09 17:45:00,326.2900085449219,326.5400085449219,325.95001220703125,326.30999755859375,99984
2026-02-09 17:50:00,326.3599853515625,326.39990234375,325.6199951171875,325.6700134277344,91579
2026-02-09 17:55:00,325.614990234375,325.7300109863281,325.20001220703125,325.30499267578125,106982
2026-02-09 18:00:00,325.32000732421875,325.79998779296875,325.0350036621094,325.6099853515625,118012
2026-02-09 18:05:00,325.5899963378906,325.7300109863281,325.32000732421875,325.5199890136719,102067
2026-02-09 18:10:00,325.5199890136719,325.6000061035156,325.19500732421875,325.22491455078125,63711
2026-02-09 18:15:00,325.2200012207031,325.3301086425781,325.010009765625,325.22100830078125,103770
2026-02-09 18:20:00,325.260009765625,325.364990234375,324.6600036621094,325.1300048828125,211323
2026-02-09 18:25:00,325.1549987792969,325.1650085449219,324.7900085449219,324.95001220703125,88239
2026-02-09 18:30:00,324.94000244140625,325.0299987792969,324.760009765625,324.92999267578125,69803
2026-02-09 18:35:00,324.8900146484375,325.18499755859375,324.82501220703125,325.18499755859375,344580
2026-02-09 18:40:00,325.1910095214844,325.2099914550781,324.8500061035156,325.0,171405
2026-02-09 18:45:00,325.0,325.20001220703125,324.8699951171875,324.8900146484375,99936
2026-02-09 18:50:00,324.8699951171875,325.04998779296875,324.7699890136719,324.8900146484375,100672
2026-02-09 18:55:00,324.8500061035156,324.8900146484375,324.57000732421875,324.57000732421875,112180
2026-02-09 19:00:00,324.55999755859375,324.96099853515625,324.5,324.8450012207031,159188
2026-02-09 19:05:00,324.8349914550781,324.8349914550781,324.6300048828125,324.7300109863281,95300
2026-02-09 19:10:00,324.760009765625,324.94000244140625,324.70001220703125,324.8299865722656,98606
2026-02-09 19:15:00,324.83319091796875,325.0450134277344,324.7699890136719,324.8900146484375,87875
2026-02-09 19:20:00,324.8900146484375,325.010009765625,324.75,324.989990234375,99981
2026-02-09 19:25:00,324.9649963378906,325.3500061035156,324.8699951171875,325.29998779296875,67425
2026-02-09 19:30:00,325.3500061035156,325.4800109863281,325.010009765625,325.0799865722656,74542
2026-02-09 19:35:00,325.04998779296875,325.2561950683594,325.010009765625,325.1000061035156,79202
2026-02-09 19:40:00,325.1099853515625,325.2099914550781,324.92999267578125,324.9649963378906,54117
2026-02-09 19:45:00,324.989990234375,325.32000732421875,324.9700012207031,325.0400085449219,84021
2026-02-09 19:50:00,325.05999755859375,325.1300048828125,324.7532958984375,324.8699951171875,80597
2026-02-09 19:55:00,324.8699951171875,325.0,324.739990234375,324.7799987792969,91075
2026-02-09 20:00:00,324.7998962402344,325.0,324.6700134277344,324.8699951171875,75184
2026-02-09 20:05:00,324.8399963378906,325.04998779296875,324.7149963378906,324.7272033691406,79083
2026-02-09 20:10:00,324.7300109863281,325.0,324.70001220703125,324.8599853515625,96037
2026-02-09 20:15:00,324.8699035644531,324.8699951171875,324.3399963378906,324.4100036621094,89107
2026-02-09 20:20:00,324.3699951171875,324.4200134277344,323.79998779296875,323.90899658203125,113817
2026-02-09 20:25:00,323.8901062011719,323.989990234375,323.4801025390625,323.5199890136719,172034
2026-02-09 20:30:00,323.489990234375,324.0150146484375,323.3500061035156,323.7506103515625,198001
2026-02-09 20:35:00,323.7200012207031,324.0199890136719,323.44000244140625,324.010009765625,126927
2026-02-09 20:40:00,323.989990234375,324.010009765625,323.6700134277344,323.739990234375,111261
2026-02-09 20:45:00,323.7900085449219,323.80999755859375,323.4700012207031,323.6300048828125,119578
2026-02-09 20:50:00,323.6199951171875,324.6300048828125,323.4800109863281,324.4150085449219,361998
2026-02-09 20:55:00,324.4200134277344,324.6499938964844,324.1600036621094,324.2300109863281,670075
2026-02-10 14:30:00,320.9599914550781,321.6199951171875,318.1600036621094,320.05499267578125,1750574
2026-02-10 14:35:00,320.0400085449219,320.55499267578125,317.20001220703125,318.0,771670
2026-02-10 14:40:00,318.0205993652344,318.17999267578125,315.05999755859375,315.0899963378906,606786
2026-02-10 14:45:00,315.0,316.1600036621094,314.6600036621094,316.1300048828125,654373
2026-02-10 14:50:00,316.1400146484375,317.3599853515625,315.7117919921875,317.1700134277344,526633
2026-02-10 14:55:00,317.239990234375,318.125,317.1199951171875,317.2550048828125,399684
2026-02-10 15:00:00,317.260009765625,318.1600036621094,317.2099914550781,318.0799865722656,322893
2026-02-10 15:05:00,318.0350036621094,319.2410888671875,318.0299987792969,318.989990234375,305264
2026-02-10 15:10:00,319.0299987792969,319.7900085449219,318.6099853515625,319.5199890136719,377233
2026-02-10 15:15:00,319.5719909667969,319.67999267578125,318.9100036621094,319.5400085449219,210906
2026-02-10 15:20:00,319.5199890136719,320.08990478515625,319.1600036621094,319.2099914550781,235308
2026-02-10 15:25:00,319.20001220703125,319.70001220703125,319.07000732421875,319.2300109863281,260691
2026-02-10 15:30:00,319.2300109863281,320.260009765625,318.95001220703125,319.0,224710
2026-02-10 15:35:00,319.0098876953125,319.6400146484375,318.6400146484375,319.1300048828125,232943
2026-02-10 15:40:00,319.1199951171875,319.3399963378906,318.57000732421875,318.75,224768
2026-02-10 15:45:00,318.75,318.75,317.7300109863281,317.92999267578125,222832
2026-02-10 15:50:00,317.8900146484375,318.114990234375,317.29449462890625,317.3349914550781,165712
2026-02-10 15:55:00,317.3599853515625,317.7900085449219,316.8301086425781,317.4800109863281,331750
2026-02-10 16:00:00,317.4800109863281,318.9200134277344,317.4100036621094,318.5899963378906,278246
2026-02-10 16:05:00,318.57000732421875,318.57000732421875,317.70001220703125,317.70111083984375,120649
2026-02-10 16:10:00,317.7099914550781,318.1499938964844,317.6600036621094,317.8550109863281,94556
2026-02-10 16:15:00,317.81500244140625,318.5776062011719,317.6400146484375,318.4800109863281,156665
2026-02-10 16:20:00,318.45001220703125,318.5010070800781,317.7900085449219,318.07000732421875,139929
2026-02-10 16:25:00,318.1199951171875,318.44000244140625,317.9700012207031,318.1014099121094,119716
2026-02-10 16:30:00,318.04998779296875,318.1300048828125,317.6099853515625,317.9649963378906,385078
2026-02-10 16:35:00,317.95001220703125,318.139892578125,317.7300109863281,318.07000732421875,176352
2026-02-10 16:40:00,318.0299987792969,318.19000244140625,317.93499755859375,318.1499938964844,124825
2026-02-10 16:45:00,318.1700134277344,319.1700134277344,318.1700134277344,318.9049987792969,177990
2026-02-10 16:50:00,318.9100036621094,318.95001220703125,318.3399963378906,318.510009765625,121548
2026-02-10 16:55:00,318.4649963378906,318.6600036621094,318.2200012207031,318.44000244140625,161519
2026-02-10 17:00:00,318.4100036621094,318.5299987792969,318.2099914550781,318.5,76974
2026-02-10 17:05:00,318.5,319.3699951171875,318.489990234375,319.3599853515625,189015
2026-02-10 17:10:00,319.375,319.6300048828125,319.1099853515625,319.2449951171875,119288
2026-02-10 17:15:00,319.2200012207031,319.6700134277344,319.17999267578125,319.2950134277344,137926
2026-02-10 17:20:00,319.30999755859375,319.3399963378906,318.8450012207031,318.889892578125,61506
2026-02-10 17:25:00,318.8609924316406,319.44879150390625,318.7799987792969,319.19000244140625,82966
2026-02-10 17:30:00,319.17999267578125,319.489990234375,319.1700134277344,319.3493957519531,72040
2026-02-10 17:35:00,319.3299865722656,319.45001220703125,319.19000244140625,319.3599853515625,80702
2026-02-10 17:40:00,319.3599853515625,319.6300048828125,319.1390075683594,319.1499938964844,147997
2026-02-10 17:45:00,319.1499938964844,319.4800109863281,319.1412048339844,319.3500061035156,83358
2026-02-10 17:50:00,319.3699951171875,319.489990234375,319.05999755859375,319.1400146484375,56837
2026-02-10 17:55:00,319.1459045410156,319.19000244140625,318.6199951171875,318.6600036621094,71048
2026-02-10 18:00:00,318.676513671875,318.8599853515625,318.27178955078125,318.7500915527344,171383
2026-02-10 18:05:00,318.75,318.92999267578125,318.6600036621094,318.8599853515625,129634
2026-02-10 18:10:00,318.8699951171875,319.19000244140625,318.8599853515625,319.0400085449219,124798
2026-02-10 18:15:00,319.0050048828125,319.1099853515625,318.6499938964844,318.79998779296875,122006
2026-02-10 18:20:00,318.7701110839844,319.3450012207031,318.5400085449219,319.31500244140625,154111
2026-02-10 18:25:00,319.32000732421875,319.4700012207031,319.0400085449219,319.3800048828125,94359
2026-02-10 18:30:00,319.3500061035156,319.45001220703125,318.94000244140625,319.114990234375,122958
2026-02-10 18:35:00,319.1099853515625,319.2300109863281,318.8999938964844,319.0400085449219,94440
2026-02-10 18:40:00,319.05999755859375,319.1600036621094,318.8500061035156,318.8599853515625,56063
2026-02-10 18:45:00,318.8699951171875,318.8699951171875,318.55999755859375,318.67999267578125,106425
2026-02-10 18:50:00,318.67999267578125,319.010009765625,318.6300048828125,318.8699951171875,85225
2026-02-10 18:55:00,318.8699951171875,319.29998779296875,318.8489990234375,319.15020751953125,82874
2026-02-10 19:00:00,319.1600036621094,319.2099914550781,318.8599853515625,318.8800048828125,65960
2026-02-10 19:05:00,318.875,318.9700012207031,318.7200012207031,318.7699890136719,71967
2026-02-10 19:10:00,318.75,319.05999755859375,318.6099853515625,319.0,71228
2026-02-10 19:15:00,318.989990234375,319.0299987792969,318.69000244140625,318.9150085449219,77949
2026-02-10 19:20:00,318.93499755859375,319.2799987792969,318.92498779296875,319.25201416015625,89825
2026-02-10 19:25:00,319.239990234375,319.25,318.989990234375,319.0899963378906,63710
2026-02-10 19:30:00,319.1099853515625,319.75,319.0899963378906,319.3999938964844,109043
2026-02-10 19:35:00,319.3900146484375,319.625,319.3828125,319.625,113779
2026-02-10 19:40:00,319.6499938964844,319.80999755859375,319.2900085449219,319.44000244140625,130020
2026-02-10 19:45:00,319.4700012207031,319.67999267578125,319.375,319.5799865722656,131717
2026-02-10 19:50:00,319.5799865722656,319.5910949707031,319.30999755859375,319.4949951171875,122479
2026-02-10 19:55:00,319.5,319.81500244140625,319.4599914550781,319.7049865722656,96447
2026-02-10 20:00:00,319.7099914550781,319.7940979003906,319.42010498046875,319.54998779296875,136256
2026-02-10 20:05:00,319.54998779296875,319.7550048828125,319.54998779296875,319.69000244140625,120662
2026-02-10 20:10:00,319.6700134277344,319.75,319.510009765625,319.5950012207031,130609
2026-02-10 20:15:00,319.6000061035156,320.04998779296875,319.55999755859375,319.9054870605469,144985
2026-02-10 20:20:00,319.8999938964844,320.2799987792969,319.82000732421875,320.0,162467
2026-02-10 20:25:00,319.9800109863281,320.2900085449219,319.75,320.10589599609375,131224
2026-02-10 20:30:00,320.0799865722656,320.3900146484375,319.7699890136719,319.8808898925781,182173
2026-02-10 20:35:00,319.9100036621094,319.9696044921875,319.4800109863281,319.489990234375,130050
2026-02-10 20:40:00,319.489990234375,319.69000244140625,319.42999267578125,319.6000061035156,132051
2026-02-10 20:45:00,319.6000061035156,319.7900085449219,319.55999755859375,319.6400146484375,139039
2026-02-10 20:50:00,319.6300048828125,319.6300048828125,318.92999267578125,318.989990234375,344881
2026-02-10 20:55:00,318.989990234375,319.2200012207031,318.42999267578125,318.6199951171875,791166
2026-02-11 14:30:00,318.9549865722656,321.0400085449219,318.94000244140625,320.5299987792969,1063122
2026-02-11 14:35:00,320.5150146484375,320.7499084472656,317.7200012207031,318.44000244140625,439047
2026-02-11 14:40:00,318.3349914550781,318.8999938964844,317.57501220703125,317.7200012207031,365889
2026-02-11 14:45:00,317.8399963378906,318.31500244140625,317.2799987792969,317.8599853515625,431462
2026-02-11 14:50:00,317.92999267578125,318.1300048828125,316.9599914550781,317.4750061035156,213748
2026-02-11 14:55:00,317.4549865722656,317.79119873046875,315.739990234375,316.05499267578125,291494
2026-02-11 15:00:00,316.1099853515625,317.1199951171875,315.9200134277344,317.07000732421875,231877
2026-02-11 15:05:00,317.05999755859375,317.05999755859375,315.3399963378906,315.4700012207031,169202
2026-02-11 15:10:00,315.42999267578125,315.7650146484375,314.1099853515625,314.54998779296875,308358
2026-02-11 15:15:00,314.5799865722656,314.92999267578125,313.5400085449219,313.54998779296875,306658
2026-02-11 15:20:00,313.55999755859375,313.6499938964844,312.05999755859375,312.2900085449219,268962
2026-02-11 15:25:00,312.25,312.70001220703125,311.75,311.8900146484375,267574
2026-02-11 15:30:00,311.7900085449219,312.9100036621094,311.7799987792969,312.4100036621094,204817
2026-02-11 15:35:00,312.3900146484375,313.07989501953125,312.0404052734375,312.77520751953125,197281
2026-02-11 15:40:00,312.8500061035156,313.260009765625,312.57000732421875,312.60009765625,173682
2026-02-11 15:45:00,312.6300048828125,312.9150085449219,311.7799987792969,312.010009765625,367524
2026-02-11 15:50:00,311.989990234375,313.8800048828125,311.8424987792969,313.7900085449219,282863
2026-02-11 15:55:00,313.79998779296875,313.8800048828125,312.7099914550781,312.7650146484375,176195
2026-02-11 16:00:00,312.739990234375,313.6199951171875,312.69500732421875,312.8900146484375,217257
2026-02-11 16:05:00,312.9165954589844,312.9800109863281,312.2650146484375,312.3215026855469,137568
2026-02-11 16:10:00,312.32000732421875,313.1400146484375,312.20001220703125,312.90008544921875,209409
2026-02-11 16:15:00,312.8800048828125,312.9649963378906,312.17999267578125,312.3500061035156,171714
2026-02-11 16:20:00,312.44989013671875,312.4800109863281,311.5799865722656,312.1600036621094,195771
2026-02-11 16:25:00,312.0899963378906,312.2699890136719,310.9425048828125,311.17999267578125,237493
2026-02-11 16:30:00,311.1499938964844,311.8999938964844,310.92999267578125,311.4100036621094,172757
2026-02-11 16:35:00,311.4200134277344,311.9460144042969,311.1402893066406,311.9460144042969,180910
2026-02-11 16:40:00,311.95001220703125,312.5299987792969,311.8901062011719,312.1600036621094,114754
2026-02-11 16:45:00,312.17498779296875,312.5899963378906,312.1499938964844,312.2900085449219,138494
2026-02-11 16:50:00,312.2099914550781,312.32000732421875,311.7900085449219,311.7900085449219,113403
2026-02-11 16:55:00,311.7850036621094,311.989990234375,311.6000061035156,311.6000061035156,155240
2026-02-11 17:00:00,311.55999755859375,311.80999755859375,311.2200012207031,311.55999755859375,170996
2026-02-11 17:05:00,311.5799865722656,312.0,311.5799865722656,311.910888671875,97317
2026-02-11 17:10:00,311.9750061035156,312.6416931152344,311.8999938964844,312.3900146484375,109920
2026-02-11 17:15:00,312.3800048828125,312.659912109375,312.07000732421875,312.1300048828125,191055
2026-02-11 17:20:00,312.1099853515625,312.1400146484375,311.6600036621094,311.94500732421875,88777
2026-02-11 17:25:00,311.989990234375,312.8800048828125,311.989990234375,312.8299865722656,105125
2026-02-11 17:30:00,312.80999755859375,312.8999938964844,312.4599914550781,312.510009765625,175900
2026-02-11 17:35:00,312.5199890136719,312.5400085449219,312.0,312.06500244140625,115861
2026-02-11 17:40:00,312.05499267578125,312.3800048828125,311.95001220703125,312.3111877441406,144516
2026-02-11 17:45:00,312.30999755859375,313.07000732421875,312.0631103515625,312.8800048828125,131172
2026-02-11 17:50:00,312.8999938964844,312.9100036621094,311.94000244140625,312.0899963378906,185365
2026-02-11 17:55:00,312.1099853515625,312.1199951171875,311.30999755859375,311.6199951171875,207318
2026-02-11 18:00:00,311.6400146484375,311.78851318359375,311.29998779296875,311.4200134277344,147977
2026-02-11 18:05:00,311.3800048828125,311.4599914550781,310.8800048828125,310.8999938964844,168881
2026-02-11 18:10:00,310.8900146484375,311.25,310.7200012207031,311.1000061035156,154241
2026-02-11 18:15:00,311.0950012207031,311.81500244140625,311.0299987792969,311.70880126953125,128053
2026-02-11 18:20:00,311.67999267578125,311.8399963378906,311.4599914550781,311.7049865722656,99550
2026-02-11 18:25:00,311.68499755859375,312.3299865722656,311.6300048828125,312.2699890136719,136065
2026-02-11 18:30:00,312.239990234375,312.2900085449219,311.8900146484375,312.18499755859375,90445
2026-02-11 18:35:00,312.1733093261719,312.87799072265625,312.1499938964844,312.82000732421875,119715
2026-02-11 18:40:00,312.8349914550781,312.8349914550781,312.18011474609375,312.32000732421875,104300
2026-02-11 18:45:00,312.32000732421875,312.6199951171875,312.2239990234375,312.6000061035156,417934
2026-02-11 18:50:00,312.6300048828125,312.67999267578125,312.1099853515625,312.4468994140625,92787
2026-02-11 18:55:00,312.3999938964844,312.590087890625,312.29998779296875,312.3399963378906,80880
2026-02-11 19:00:00,312.29998779296875,312.3808898925781,311.7799987792969,311.9599914550781,89558
2026-02-11 19:05:00,311.94000244140625,311.94000244140625,311.04998779296875,311.45001220703125,154265
2026-02-11 19:10:00,311.4700012207031,311.7200012207031,311.239990234375,311.5299987792969,110157
2026-02-11 19:15:00,311.5400085449219,311.94500732421875,311.5400085449219,311.9200134277344,92619
2026-02-11 19:20:00,311.8999938964844,312.3999938964844,311.8800048828125,312.26141357421875,105745
2026-02-11 19:25:00,312.260009765625,312.82000732421875,312.260009765625,312.7200012207031,162407
2026-02-11 19:30:00,312.69000244140625,312.8550109863281,312.2699890136719,312.67669677734375,119416
2026-02-11 19:35:00,312.6600036621094,312.95001220703125,312.489990234375,312.6199951171875,117146
2026-02-11 19:40:00,312.6400146484375,312.7200012207031,312.1499938964844,312.3536071777344,111190
2026-02-11 19:45:00,312.3299865722656,312.45001220703125,311.19500732421875,311.7200012207031,261780
2026-02-11 19:50:00,311.739990234375,311.8699951171875,311.32000732421875,311.69000244140625,136712
2026-02-11 19:55:00,311.6600036621094,311.75,311.2904052734375,311.3599853515625,110905
2026-02-11 20:00:00,311.3299865722656,311.8450012207031,311.2799987792969,311.8299865722656,77139
2026-02-11 20:05:00,311.7850036621094,311.82000732421875,311.2200012207031,311.343994140625,120215
2026-02-11 20:10:00,311.3500061035156,311.6499938964844,311.3299865722656,311.510009765625,97615
2026-02-11 20:15:00,311.5199890136719,311.7831115722656,311.135009765625,311.260009765625,201786
2026-02-11 20:20:00,311.29998779296875,311.29998779296875,310.5799865722656,310.8900146484375,235523
2026-02-11 20:25:00,310.8999938964844,311.0199890136719,310.5199890136719,310.70001220703125,180526
2026-02-11 20:30:00,310.70001220703125,310.70001220703125,310.1300048828125,310.239990234375,210641
2026-02-11 20:35:00,310.2300109863281,310.8999938964844,310.19000244140625,310.875,154332
2026-02-11 20:40:00,310.8900146484375,311.4599914550781,310.7099914550781,311.260009765625,212097
2026-02-11 20:45:00,311.2900085449219,311.4284973144531,310.7820129394531,311.08990478515625,177279
2026-02-11 20:50:00,311.04998779296875,311.6099853515625,310.89019775390625,311.44000244140625,376501
2026-02-11 20:55:00,311.3900146484375,311.4700012207031,311.0299987792969,311.20001220703125,760224
2026-02-12 14:30:00,312.3949890136719,312.4700012207031,310.4700012207031,311.4750061035156,806303
2026-02-12 14:35:00,311.5899963378906,311.8999938964844,310.80999755859375,311.0400085449219,322349
2026-02-12 14:40:00,311.1099853515625,312.6700134277344,311.1000061035156,311.42999267578125,282117
2026-02-12 14:45:00,311.4100036621094,311.80499267578125,310.3900146484375,311.5299987792969,303897
2026-02-12 14:50:00,311.55999755859375,312.25,310.9700012207031,311.4800109863281,254271
2026-02-12 14:55:00,311.4700012207031,311.6000061035156,311.0,311.6000061035156,219756
2026-02-12 15:00:00,311.4599914550781,312.39990234375,310.8800048828125,311.8399963378906,381393
2026-02-12 15:05:00,311.9100036621094,312.95001220703125,311.6000061035156,312.489990234375,313003
2026-02-12 15:10:00,312.4849853515625,312.6935119628906,311.57501220703125,312.5199890136719,230180
2026-02-12 15:15:00,312.5,312.79998779296875,312.1050109863281,312.2300109863281,106972
2026-02-12 15:20:00,312.2900085449219,313.6099853515625,312.2900085449219,313.1099853515625,162318
2026-02-12 15:25:00,313.1099853515625,313.45001220703125,312.8699951171875,313.4100036621094,146758
2026-02-12 15:30:00,313.40411376953125,313.760009765625,312.2900085449219,312.3500061035156,192408
2026-02-12 15:35:00,312.3500061035156,312.5299987792969,311.17999267578125,311.30999755859375,168458
2026-02-12 15:40:00,311.31500244140625,311.3800048828125,310.25,310.29998779296875,272110
2026-02-12 15:45:00,310.29998779296875,310.9490051269531,310.20001220703125,310.80999755859375,363881
2026-02-12 15:50:00,310.82000732421875,311.5849914550781,310.5899963378906,310.7799987792969,170747
2026-02-12 15:55:00,310.7699890136719,311.0199890136719,310.5400085449219,310.8299865722656,131219
2026-02-12 16:00:00,310.8900146484375,311.4800109863281,310.4800109863281,310.885009765625,254812
2026-02-12 16:05:00,310.8500061035156,310.8999938964844,310.1300964355469,310.3699951171875,219181
2026-02-12 16:10:00,310.4599914550781,310.7349853515625,309.94000244140625,310.4100036621094,305922
2026-02-12 16:15:00,310.3800048828125,311.3399963378906,309.80450439453125,310.57000732421875,315819
2026-02-12 16:20:00,310.6099853515625,311.16778564453125,310.1513977050781,311.1000061035156,209904
2026-02-12 16:25:00,311.05999755859375,311.5,310.8299865722656,311.19488525390625,208321
2026-02-12 16:30:00,311.19000244140625,312.7099914550781,311.07000732421875,312.54998779296875,310445
2026-02-12 16:35:00,312.54998779296875,314.489990234375,312.5299987792969,314.3299865722656,339217
2026-02-12 16:40:00,314.3399963378906,316.4800109863281,314.17999267578125,315.6600036621094,484428
2026-02-12 16:45:00,315.6300048828125,316.2200012207031,314.218994140625,314.7650146484375,449847
2026-02-12 16:50:00,314.75,315.0400085449219,313.2200012207031,313.489990234375,394157
2026-02-12 16:55:00,313.510009765625,314.2099914550781,312.9599914550781,314.1199951171875,222649
2026-02-12 17:00:00,314.1199951171875,314.1199951171875,313.1199951171875,314.0,256434
2026-02-12 17:05:00,313.9700012207031,314.57000732421875,313.5199890136719,314.34991455078125,219368
2026-02-12 17:10:00,314.2900085449219,314.3399963378906,313.6199951171875,314.2349853515625,162994
2026-02-12 17:15:00,314.2250061035156,314.3299865722656,313.6340026855469,313.94000244140625,157845
2026-02-12 17:20:00,313.8599853515625,314.510009765625,313.8399963378906,314.20001220703125,3858608
2026-02-12 17:25:00,314.1700134277344,314.92999267578125,313.8800048828125,314.4549865722656,0
2026-02-12 17:30:00,314.4200134277344,314.70001220703125,314.2699890136719,314.6300048828125,194994
2026-02-12 17:35:00,314.6499938964844,315.260009765625,314.57501220703125,314.7699890136719,191537
2026-02-12 17:40:00,314.79998779296875,314.9100036621094,314.360107421875,314.8399963378906,118319
2026-02-12 17:45:00,314.8299865722656,314.8900146484375,314.0899963378906,314.1499938964844,115196
2026-02-12 17:50:00,314.139892578125,314.3699951171875,313.1700134277344,313.3500061035156,187349
2026-02-12 17:55:00,313.3699951171875,313.5400085449219,312.75,312.94000244140625,119963
2026-02-12 18:00:00,312.9700012207031,313.3999938964844,312.3301086425781,312.69000244140625,154549
2026-02-12 18:05:00,312.70001220703125,313.79998779296875,312.489990234375,313.7349853515625,98537
2026-02-12 18:10:00,313.7300109863281,314.79998779296875,313.57000732421875,314.43359375,130219
2026-02-12 18:15:00,314.4700012207031,314.4700012207031,313.1300048828125,313.1300048828125,107104
2026-02-12 18:20:00,313.1600036621094,313.6579895019531,312.9100036621094,313.32000732421875,147476
2026-02-12 18:25:00,313.3399963378906,313.3399963378906,312.3800048828125,312.9800109863281,194360
2026-02-12 18:30:00,312.9599914550781,313.0199890136719,312.239990234375,312.55999755859375,89010
2026-02-12 18:35:00,312.489990234375,313.5199890136719,312.3900146484375,313.5098876953125,110150
2026-02-12 18:40:00,313.5299987792969,313.8399963378906,313.3599853515625,313.5350036621094,122747
2026-02-12 18:45:00,313.510009765625,313.6050109863281,312.9599914550781,312.9599914550781,96342
2026-02-12 18:50:00,312.9100036621094,313.2349853515625,312.5799865722656,312.8399963378906,111702
2026-02-12 18:55:00,312.8399963378906,312.8399963378906,311.9800109863281,312.0150146484375,225990
2026-02-12 19:00:00,312.0299987792969,312.114990234375,311.2699890136719,311.3999938964844,163148
2026-02-12 19:05:00,311.44500732421875,311.82000732421875,311.3100891113281,311.3399963378906,138631
2026-02-12 19:10:00,311.30999755859375,311.32000732421875,310.42999267578125,310.489990234375,184625
2026-02-12 19:15:00,310.5,311.2699890136719,310.5,311.0,134834
2026-02-12 19:20:00,311.010009765625,311.2309875488281,310.6199951171875,310.989990234375,151716
2026-02-12 19:25:00,310.9800109863281,311.70001220703125,310.32000732421875,310.3800048828125,334113
2026-02-12 19:30:00,310.3949890136719,311.1600036621094,310.3949890136719,310.4700012207031,208387
2026-02-12 19:35:00,310.4599914550781,310.9100036621094,310.3450012207031,310.8500061035156,174690
2026-02-12 19:40:00,310.864990234375,311.2699890136719,310.5950012207031,310.82000732421875,179151
2026-02-12 19:45:00,310.82000732421875,311.32000732421875,310.7850036621094,311.2850036621094,170897
2026-02-12 19:50:00,311.2850036621094,311.29998779296875,310.5199890136719,311.0199890136719,243621
2026-02-12 19:55:00,311.07000732421875,311.1000061035156,310.1400146484375,310.5799865722656,203594
2026-02-12 20:00:00,310.5849914550781,310.75,310.1400146484375,310.30999755859375,152066
2026-02-12 20:05:00,310.30999755859375,310.31500244140625,309.6199951171875,309.7300109863281,163682
2026-02-12 20:10:00,309.7699890136719,310.0899963378906,309.35009765625,310.06500244140625,180006
2026-02-12 20:15:00,310.05010986328125,310.385009765625,309.5899963378906,309.5899963378906,185961
2026-02-12 20:20:00,309.57000732421875,309.6400146484375,308.9200134277344,308.94500732421875,237062
2026-02-12 20:25:00,308.95001220703125,308.9599914550781,308.2799987792969,308.3799133300781,239435
2026-02-12 20:30:00,308.3599853515625,309.0054931640625,308.1600036621094,308.8699035644531,205046
2026-02-12 20:35:00,308.9100036621094,309.44500732421875,308.79998779296875,309.02301025390625,137954
2026-02-12 20:40:00,309.0199890136719,309.5299987792969,308.79840087890625,308.80999755859375,137670
2026-02-12 20:45:00,308.80999755859375,308.8299865722656,308.3301086425781,308.7200012207031,212154
2026-02-12 20:50:00,308.739990234375,309.2799987792969,308.1600036621094,309.25,424207
2026-02-12 20:55:00,309.2699890136719,309.6099853515625,309.010009765625,309.32000732421875,547976
2026-02-13 14:30:00,308.1199951171875,308.8900146484375,305.7300109863281,307.0,1439804
2026-02-13 14:35:00,306.989990234375,307.3299865722656,305.3500061035156,305.9100036621094,399971
2026-02-13 14:40:00,305.9186096191406,306.55999755859375,303.8999938964844,306.260009765625,513023
2026-02-13 14:45:00,306.2699890136719,307.1000061035156,305.73541259765625,305.8599853515625,258586
2026-02-13 14:50:00,305.75,307.739990234375,305.29998779296875,307.1300048828125,484512
2026-02-13 14:55:00,307.19000244140625,308.3800048828125,306.4200134277344,306.6199951171875,283535
2026-02-13 15:00:00,306.6199951171875,307.7900085449219,306.0,306.2550048828125,235479
2026-02-13 15:05:00,306.239990234375,307.3699951171875,305.7200012207031,307.2099914550781,173781
2026-02-13 15:10:00,307.21929931640625,307.4700012207031,306.4700012207031,306.5299987792969,165894
2026-02-13 15:15:00,306.57000732421875,306.95001220703125,306.2250061035156,306.4750061035156,137000
2026-02-13 15:20:00,306.44000244140625,307.2699890136719,306.0899963378906,306.6693115234375,133052
2026-02-13 15:25:00,306.70001220703125,307.6600036621094,306.489990234375,307.5,174966
2026-02-13 15:30:00,307.5350036621094,307.8387145996094,307.364990234375,307.70001220703125,148479
2026-02-13 15:35:00,307.70001220703125,308.0350036621094,306.25,306.260009765625,156852
2026-02-13 15:40:00,306.2200012207031,306.8999938964844,305.8699951171875,306.3941955566406,188795
2026-02-13 15:45:00,306.44000244140625,306.6600036621094,305.17999267578125,305.32000732421875,236060
2026-02-13 15:50:00,305.3349914550781,306.739990234375,305.20001220703125,306.6300048828125,154332
2026-02-13 15:55:00,306.6600036621094,306.9599914550781,306.20001220703125,306.3699951171875,122688
2026-02-13 16:00:00,306.489990234375,306.7900085449219,306.2950134277344,306.6300048828125,159422
2026-02-13 16:05:00,306.5874938964844,307.3399963378906,306.4200134277344,307.20001220703125,137506
2026-02-13 16:10:00,307.2099914550781,307.2099914550781,306.2550048828125,306.6600036621094,106737
2026-02-13 16:15:00,306.6199951171875,306.7650146484375,305.7449951171875,305.7699890136719,131747
2026-02-13 16:20:00,305.7699890136719,305.94000244140625,304.8901062011719,305.1700134277344,188366
2026-02-13 16:25:00,305.19000244140625,306.1000061035156,305.1000061035156,306.0,104942
2026-02-13 16:30:00,305.989990234375,306.4100036621094,305.5799865722656,306.05499267578125,113230
2026-02-13 16:35:00,306.1039123535156,306.3999938964844,305.94000244140625,306.20001220703125,151898
2026-02-13 16:40:00,306.1600036621094,306.55999755859375,305.760009765625,306.510009765625,122938
2026-02-13 16:45:00,306.4949951171875,306.67498779296875,306.19000244140625,306.260009765625,93597
2026-02-13 16:50:00,306.260009765625,306.9100036621094,306.114990234375,306.8999938964844,116550
2026-02-13 16:55:00,306.8900146484375,307.2200012207031,306.7200012207031,306.8299865722656,117715
2026-02-13 17:00:00,306.860107421875,307.0299987792969,306.6700134277344,306.9100036621094,90973
2026-02-13 17:05:00,306.8999938964844,307.0,306.57000732421875,306.7298889160156,61994
2026-02-13 17:10:00,306.68011474609375,307.2099914550781,306.6600036621094,307.1300048828125,102104
2026-02-13 17:15:00,307.1400146484375,307.1400146484375,306.5,306.6400146484375,68997
2026-02-13 17:20:00,306.70001220703125,307.2749938964844,306.67999267578125,307.0899963378906,100596
2026-02-13 17:25:00,307.1300048828125,307.54998779296875,306.92999267578125,307.2300109863281,95552
2026-02-13 17:30:00,307.260009765625,307.5799865722656,307.114990234375,307.5299987792969,102683
2026-02-13 17:35:00,307.5299987792969,307.54998779296875,307.1300048828125,307.32000732421875,118082
2026-02-13 17:40:00,307.32501220703125,307.3399963378906,306.78009033203125,306.8013000488281,109874
2026-02-13 17:45:00,306.8299865722656,307.1400146484375,306.57000732421875,307.1099853515625,71539
2026-02-13 17:50:00,307.1050109863281,307.1050109863281,306.635986328125,306.6875,61817
2026-02-13 17:55:00,306.70001220703125,306.94000244140625,306.451904296875,306.67498779296875,75080
2026-02-13 18:00:00,306.7099914550781,307.0,306.3900146484375,306.5950012207031,67131
2026-02-13 18:05:00,306.6000061035156,306.9200134277344,306.3500061035156,306.8299865722656,53435
2026-02-13 18:10:00,306.8399963378906,307.42498779296875,306.8399963378906,306.9750061035156,99456
2026-02-13 18:15:00,306.8999938964844,307.3800048828125,306.7950134277344,307.06500244140625,65195
2026-02-13 18:20:00,307.0299987792969,307.6050109863281,306.989990234375,307.3399963378906,78327
2026-02-13 18:25:00,307.3550109863281,308.2099914550781,307.0368957519531,307.9599914550781,116207
2026-02-13 18:30:00,308.010009765625,308.1600036621094,307.7300109863281,307.85400390625,110766
2026-02-13 18:35:00,307.75,307.9200134277344,307.32000732421875,307.4150085449219,62324
2026-02-13 18:40:00,307.3999938964844,307.6650085449219,307.2950134277344,307.4551086425781,59536
2026-02-13 18:45:00,307.4800109863281,307.989990234375,307.4649963378906,307.5199890136719,83361
2026-02-13 18:50:00,307.5,307.7850036621094,307.1600036621094,307.760009765625,63533
2026-02-13 18:55:00,307.75,308.0249938964844,307.69000244140625,307.760009765625,71655
2026-02-13 19:00:00,307.79998779296875,307.8999938964844,307.2099914550781,307.2799987792969,50576
2026-02-13 19:05:00,307.2749938964844,307.93499755859375,307.2749938964844,307.8800048828125,63035
2026-02-13 19:10:00,307.8599853515625,307.9599914550781,307.6700134277344,307.95001220703125,66822
2026-02-13 19:15:00,307.94000244140625,308.0050048828125,307.5799865722656,307.9150085449219,66795
2026-02-13 19:20:00,307.9150085449219,308.1700134277344,307.739990234375,308.0799865722656,103992
2026-02-13 19:25:00,308.0799865722656,308.20001220703125,307.5400085449219,307.9100036621094,78165
2026-02-13 19:30:00,307.8699951171875,308.06988525390625,307.70001220703125,308.0581970214844,64442
2026-02-13 19:35:00,308.05999755859375,308.1300048828125,307.70001220703125,307.8299865722656,76094
2026-02-13 19:40:00,307.8399963378906,307.95001220703125,307.5199890136719,307.7900085449219,72021
2026-02-13 19:45:00,307.760009765625,308.05999755859375,307.67999267578125,307.7950134277344,47002
2026-02-13 19:50:00,307.8168029785156,307.8699951171875,307.3500061035156,307.4902038574219,43073
2026-02-13 19:55:00,307.489990234375,307.69000244140625,306.9599914550781,307.00140380859375,71544
2026-02-13 20:00:00,307.0299987792969,307.3800048828125,307.0,307.20001220703125,63959
2026-02-13 20:05:00,307.239990234375,307.260009765625,306.5697937011719,306.80999755859375,73815
2026-02-13 20:10:00,306.80999755859375,307.0610046386719,306.3999938964844,306.3999938964844,89076
2026-02-13 20:15:00,306.3699951171875,306.9100036621094,306.3699951171875,306.8500061035156,101557
2026-02-13 20:20:00,306.8699951171875,307.0299072265625,306.06500244140625,306.0799865722656,90297
2026-02-13 20:25:00,306.05999755859375,306.0899963378906,304.9100036621094,304.9800109863281,215646
2026-02-13 20:30:00,304.9700012207031,305.7699890136719,304.9200134277344,305.32000732421875,204082
2026-02-13 20:35:00,305.3500061035156,305.489990234375,305.0199890136719,305.2699890136719,163429
2026-02-13 20:40:00,305.2699890136719,305.55999755859375,304.95001220703125,305.2799987792969,207584
2026-02-13 20:45:00,305.2699890136719,306.15509033203125,305.2300109863281,306.07000732421875,228512
2026-02-13 20:50:00,306.0299987792969,306.5199890136719,305.3900146484375,306.0799865722656,380439
2026-02-13 20:55:00,306.1300048828125,306.1400146484375,305.3699951171875,306.0199890136719,5105474
2026-02-17 14:30:00,300.6499938964844,302.8299865722656,299.20001220703125,302.70001220703125,1625050
2026-02-17 14:35:00,302.7300109863281,304.82000732421875,302.3699951171875,303.4200134277344,432774
2026-02-17 14:40:00,303.38470458984375,303.7950134277344,301.2200012207031,301.5400085449219,374849
2026-02-17 14:45:00,301.5799865722656,301.8500061035156,300.75,301.7250061035156,384265
2026-02-17 14:50:00,301.7099914550781,301.9200134277344,298.92999267578125,299.1199951171875,400926
2026-02-17 14:55:00,299.17999267578125,299.1969909667969,297.6700134277344,298.0950012207031,427679
2026-02-17 15:00:00,298.0899963378906,299.760009765625,297.7699890136719,299.6499938964844,305291
2026-02-17 15:05:00,299.6600036621094,299.8599853515625,298.2300109863281,298.510009765625,291317
2026-02-17 15:10:00,298.4859924316406,299.1099853515625,297.94000244140625,298.30999755859375,281031
2026-02-17 15:15:00,298.260009765625,300.0,298.260009765625,299.760009765625,207397
2026-02-17 15:20:00,299.75,299.8299865722656,298.6300048828125,298.8900146484375,178417
2026-02-17 15:25:00,298.8999938964844,299.1499938964844,298.1517028808594,298.2799987792969,199067
2026-02-17 15:30:00,298.20001220703125,298.2929992675781,296.8999938964844,296.9800109863281,343754
2026-02-17 15:35:00,297.0249938964844,297.92999267578125,297.001708984375,297.5299987792969,205205
2026-02-17 15:40:00,297.54998779296875,298.8949890136719,297.5469055175781,298.54998779296875,336722
2026-02-17 15:45:00,298.5199890136719,299.5799865722656,297.8782958984375,299.3450012207031,334395
2026-02-17 15:50:00,299.340087890625,299.7900085449219,299.0400085449219,299.54998779296875,164626
2026-02-17 15:55:00,299.5325012207031,300.2699890136719,299.44000244140625,300.1440124511719,3514829
2026-02-17 16:00:00,300.2569885253906,301.1400146484375,300.0906066894531,300.9599914550781,172723
2026-02-17 16:05:00,300.95001220703125,301.8599853515625,300.9100036621094,301.79998779296875,179029
2026-02-17 16:10:00,301.8699951171875,303.1098937988281,301.75,302.55999755859375,212753
2026-02-17 16:15:00,302.55999755859375,303.42498779296875,302.2900085449219,303.2724914550781,127633
2026-02-17 16:20:00,303.2300109863281,303.44000244140625,302.8599853515625,303.32000732421875,141140
2026-02-17 16:25:00,303.30999755859375,303.3299865722656,301.4700012207031,301.57000732421875,114522
2026-02-17 16:30:00,301.5,301.5899963378906,300.989990234375,301.3500061035156,133828
2026-02-17 16:35:00,301.3800048828125,302.260009765625,301.3399963378906,301.94000244140625,166798
2026-02-17 16:40:00,301.94000244140625,302.2900085449219,301.44000244140625,301.6600036621094,78265
2026-02-17 16:45:00,301.65008544921875,302.0899963378906,301.4700012207031,301.8136901855469,4007116
2026-02-17 16:50:00,301.8900146484375,302.1300048828125,301.510009765625,301.89849853515625,71873
2026-02-17 16:55:00,301.8800048828125,302.4200134277344,301.57501220703125,302.17999267578125,142641
